{"ragtest\\input\\56789\\1_56789_1.txt": 1760451230.446838, "ragtest\\input\\56789\\1_56789_2.txt": 1760451230.463395, "ragtest\\input\\56789\\1_56789_3.txt": 1760451230.4802475, "ragtest\\input\\56789\\1_56789_4.txt": 1760451230.4981287, "ragtest\\input\\56789\\1_56789_5.txt": 1760451230.524281, "ragtest\\input\\56789\\1_56789_6.txt": 1760451230.5454738, "ragtest\\input\\56789\\1_56789_7.txt": 1760451230.564178}